Image Url,Video Url,Product Desc,Origin Price,Discount Price,Discount,Positive Feedback,Product Url
https://ae-pic-a1.aliexpress-media.com/kf/S1e78ac12be0b44029a1947c96ca15b76w.jpg,,Creative basketball toy combination set,USD 31.55,USD 15.36,51.00%,100.00%,https://s.click.aliexpress.com/e/_oDIYQl3
https://ae-pic-a1.aliexpress-media.com/kf/S279379350e544e4e999c3424cc390fc0m.jpg,https://video.aliexpress-media.com/play/u/ae_sg_item/4243335103/p/1/e/6/t/10301/234720905696.mp4,WOSAWE Motocross Knee Pads Elbow Protector motorcycles motorbike off-road racing protective gear Skiing Skateboarding guard,USD 32.83,USD 11.38,65.00%,80.00%,https://s.click.aliexpress.com/e/_oCeOPb7
https://ae-pic-a1.aliexpress-media.com/kf/S5e7515f00acb492c8edd618f3c303999K.jpg,,SHIMANO SLX M7100 1x12v Groupset 12 Speed SL-M7100-R Shifter and RD-M7100-SGS Rear Derailleur Original parts,USD 119.61,USD 58.80,50.00%,96.30%,https://s.click.aliexpress.com/e/_onE2mdT
https://ae-pic-a1.aliexpress-media.com/kf/Se7ad68b79ccc413fbcea43f367213b92P.jpg,https://video.aliexpress-media.com/play/u/ae_sg_item/2671056237/p/1/e/6/t/10301/1100185067211.mp4,SHIMANO DEORE SL-M6100 Right RD-M6100 SGS 12 Speed Shifter Rear Derailleur Original For Mountain Bikes MTB Riding Parts,USD 90.14,USD 44.22,50.00%,100.00%,https://s.click.aliexpress.com/e/_oE5arJj
https://ae-pic-a1.aliexpress-media.com/kf/Sfe0a09a5d08e40d5ad975cc5d9973c94d.jpg,,SHIMANO DEORE M6100 M8100 12speed Groupset with Shifter Rear Chain FC-M6100 CRANKSET Bottom Bracket 11-51T Cassette Sprocket,USD 468.33,USD 238.85,49.00%,100.00%,https://s.click.aliexpress.com/e/_oCeS7k9
https://ae-pic-a1.aliexpress-media.com/kf/Sde1e3824d1c645959c8d9b311732d8fbM.jpg,,SHIMANO Deore SLX M7100 1X12S Groupset 12V Shift Lever Rear Rear Derailleur CS 10-51T CN 124L FC-M7100 170MM 34T Mountain Bike,USD 431.27,USD 211.32,51.00%,92.70%,https://s.click.aliexpress.com/e/_oDFRQLJ
https://ae-pic-a1.aliexpress-media.com/kf/Sd149337f4a62401c9a58a2efb5de5413z.jpg,,Vemar New Motorcycle Knee Pad Elbow Protective Combo Knee Protector Equipment Gear Four Seasons Outdoor Sport Motocross Knee Pad,USD 74.60,USD 25.25,66.00%,96.40%,https://s.click.aliexpress.com/e/_om9DZZX
https://ae-pic-a1.aliexpress-media.com/kf/S499653718f024e3ca6a5bfe4e14ba5f29.jpg,,Shimano SLX M7120 4 piston M7100 2 piston Hydraulic Disc Brake Set for Mountain Bike MTB Brake 800/900/1500/1600mm Left & Right,USD 233.55,USD 124.12,46.00%,100.00%,https://s.click.aliexpress.com/e/_opkD8KN
https://ae-pic-a1.aliexpress-media.com/kf/S8dfa63cf138840049cc521189f0734c7e.png,https://video.aliexpress-media.com/play/u/ae_sg_item/2675281941/p/1/e/6/t/10301/1100200014264.mp4,Cycling Helmet MTB Full Face Mountain Bike Helmet For Men DH BMX Motorcycle Off-Road Adult Bicycle Racing Accessories Safety Cap,USD 123.98,USD 59.51,52.00%,92.50%,https://s.click.aliexpress.com/e/_oBNGlHr
https://ae-pic-a1.aliexpress-media.com/kf/S91b6a7f3b77e43f38d7fa9261912cb0av.jpg,,Full Face Mountain Bike Helmet Adult Racing Downhill MTB Helmet for Mountain Bike for Cycling Safety Equipment,USD 92.28,USD 43.69,52.00%,96.70%,https://s.click.aliexpress.com/e/_ok0sFo5
https://ae-pic-a1.aliexpress-media.com/kf/H1ee41bc9a33949c78c6c6cb5d52f3dc60.jpg,https://video.aliexpress-media.com/play/u/ae_sg_item/201451647/p/1/e/6/t/10301/4000180556343.mp4,Sunny Pro Field Soft Knee Protective For Motorcycle Skiing Bike Downhill Roller Skating Guard Pad Knee pads,USD 102.33,USD 35.49,65.00%,98.30%,https://s.click.aliexpress.com/e/_oFL8hAZ
https://ae-pic-a1.aliexpress-media.com/kf/S126484acea84459f8eb7226d21e352c3Y.jpg,https://video.aliexpress-media.com/play/u/ae_sg_item/2671009482/p/1/e/6/t/10301/1100218704933.mp4,SHIMANO CUES U6000 1X11Speed Groupset Shift Lever Rear Derailleur Crankset LG400-11 50T Cassette LG500 Chain BB-MT501 Bike Parts,USD 307.18,USD 162.81,47.00%,90.00%,https://s.click.aliexpress.com/e/_oDJdJAt
https://ae-pic-a1.aliexpress-media.com/kf/Sf7bb3b4209274e72b3fcbf69de48f663l.jpg,,Motorcycle Knee Pads Men's Motorcycle Ride Protection Motorbike Motocross Knee Protector Guard Winter Keep Warm Knight Gear,USD 75.18,USD 25.45,66.00%,100.00%,https://s.click.aliexpress.com/e/_oDd4VR7
https://ae-pic-a1.aliexpress-media.com/kf/S7de35b18a6a44f68bd6523a987204c77T.jpg,,Full Face Mount Bike Helmet for Men Women Road Bike Helmet Adjustable Visor Goggle Port 55-59CM Impact-Resistant Bicycle Helmet,USD 75.81,USD 35.90,52.00%,94.10%,https://s.click.aliexpress.com/e/_opL1OCh
https://ae-pic-a1.aliexpress-media.com/kf/S546e332124df4a709b4e3a56ed881af5p.jpg,,Shimano BR BL MT200 Bicycle Hydraulic Brake MTB Hydraulic Disc Brake Mountain Bike Upgrade MT315 Bike Parts,USD 82.36,USD 41.18,50.00%,100.00%,https://s.click.aliexpress.com/e/_okLYbbF
https://ae-pic-a1.aliexpress-media.com/kf/Saeccd4f8d1bf41699d782993c908c82dm.jpg,,WOSAWE Elbow and Knee Pads Mountain Bike Cycling Protection Set Kneepad Dancing Knee Brace Support Gear MTB Eblow Knee Protector,USD 13.58,USD 7.06,48.00%,100.00%,https://s.click.aliexpress.com/e/_oFl8ZVJ
https://ae-pic-a1.aliexpress-media.com/kf/S84cf95a65e2b4ec6885d80e1b6924f421.jpg,,Batfox 3/4 BMX Bicycle Helmet Mtb OFF Road Half Helmet Mountain Bike Race Integrated Ear Protection Off-Road Cycling Helmet,USD 72.53,USD 43.52,40.00%,90.00%,https://s.click.aliexpress.com/e/_on5aOWV
https://ae-pic-a1.aliexpress-media.com/kf/Sc8b2d97a0ed044049834d03dbbc39753X.jpg,https://video.aliexpress-media.com/play/u/ae_sg_item/234080320/p/1/e/6/t/10301/1100135763950.mp4,BenKen Knee Brace Elbow Pads Set Cycling Motorcycle Skiing Rodilleras Shock Absorption for Joint Security EVA Protection Gear,USD 51.48,USD 28.31,45.00%,93.30%,https://s.click.aliexpress.com/e/_oEpuOTn
https://ae-pic-a1.aliexpress-media.com/kf/S70f440399dd2468180f34c28ad9a1101f.jpg,,MHW 3BOMBER 58mm WDT Distribution Tool 14 Needles Adjustable Espresso Stirrer Distributor Professional Coffee Tool Accessories,USD 232.02,USD 78.89,66.00%,93.70%,https://s.click.aliexpress.com/e/_oCOs1BF
https://ae-pic-a1.aliexpress-media.com/kf/S07518269e1d64473b43efb10bfd8b5256.jpg,https://video.aliexpress-media.com/play/u/ae_sg_item/2667817593/p/1/e/6/t/10301/4000229632542.mp4,T Brand Motorcycle Protective Kneepad for Off-road and Highway Riding with Mechanical Leg Protection and Exoskeleton Guards,USD 279.78,USD 193.05,31.00%,95.20%,https://s.click.aliexpress.com/e/_oE3nzMz
https://ae-pic-a1.aliexpress-media.com/kf/S086cfad1ef604d2984fbbb3cf2c1da9eg.jpg,,SHIMANO CUES U6000 1X10 Speed Groupset SL-U6000-10R Rear Derailleur SGS 11-48T CN-LG500 170/175mm Crankset Original,USD 306.88,USD 150.37,51.00%,100.00%,https://s.click.aliexpress.com/e/_omOAqYZ
https://ae-pic-a1.aliexpress-media.com/kf/S7c001911f73d4119a15d9a72e1fd9426Q.jpg,https://video.aliexpress-media.com/play/u/ae_sg_item/116658786/p/1/e/6/t/10301/1100223617080.mp4,(2XS-2XL)1 Pair Kids Teen Adult Long Honeycomb Basketball MTB Knee Pad Anti-collision Football Calf Leg Sleeves Sport Knee Brace,USD 22.36,USD 11.18,50.00%,100.00%,https://s.click.aliexpress.com/e/_oD2sKCv
https://ae-pic-a1.aliexpress-media.com/kf/S0ee1cdc037b74ef1878842c084161c98O.jpg,https://video.aliexpress-media.com/play/u/ae_sg_item/228081202/p/1/e/6/t/10301/4000180734216.mp4,SHIMANO DEORE M6100 12s Groupset SL M6100 SHIFT LEVER RD M6100 SGS REAR DERAILLEUR 12 Speed 12V SHIFTER SWTICH Basic M7100 M8100,USD 90.69,USD 42.62,53.00%,97.90%,https://s.click.aliexpress.com/e/_opfgb7L
https://ae-pic-a1.aliexpress-media.com/kf/Sc9c3a166377543369cf98585c4e4db49z.jpg,https://video.aliexpress-media.com/play/u/ae_sg_item/2212660014157/p/1/e/6/t/10301/343666005316.mp4,BraceTop 1Pair Adult Knee Pad Bike Cycling Protection Elbow Basketball Sports Knee Pads Knee Leg Covers Anti-collision Protector,USD 17.64,USD 10.58,40.00%,90.00%,https://s.click.aliexpress.com/e/_oEFScIl
https://ae-pic-a1.aliexpress-media.com/kf/Sa3a6e68ce1d84a47aacfc62f49d118b0p.jpg,https://video.aliexpress-media.com/play/u/ae_sg_item/2672304275/p/1/e/6/t/10301/1100153027205.mp4,LS2 CE Certified Motocross Knee Pads Thickened Moto Knee Protector Anti-slip MTB Cycling Knee Shin Guard Motorcycle Accessories,USD 65.95,USD 22.21,66.00%,97.90%,https://s.click.aliexpress.com/e/_oD1S2gD
https://ae-pic-a1.aliexpress-media.com/kf/S68153927149f43cb8eeae9437c3137b0h.jpg,https://video.aliexpress-media.com/play/u/ae_sg_item/2668730147/p/1/e/6/t/10301/4000227342376.mp4,ANBERNIC RG40XXV Handheld Game Console 4''IPS Screen Video Output Joystick RGB Lighting Effect Streaming RG 40XXV Ebook MP4 Gift,USD 108.54,USD 74.89,31.00%,96.40%,https://s.click.aliexpress.com/e/_onBTPXF
https://ae-pic-a1.aliexpress-media.com/kf/S5831a4586d7547a8808a769d683f9a32Q.png,,SHIMANO DEORE XT M8100 1X12 Speed Groupset Rear Derailleur SGS Right Shifter Lever SUNSHINE HG Type Cassette CN-M6100 Bike Parts,USD 287.12,USD 132.08,54.00%,83.00%,https://s.click.aliexpress.com/e/_onFyZBF
https://ae-pic-a1.aliexpress-media.com/kf/Sffa4801629ac44d6a2f78d07cd972247t.jpg,,CREALITY 3D 1KG 1.75mm PLA Filament No-Tangling Strong Bonding Dimensional Accuracy +/-0.02mm for Ender 3 V2 all FDM 3D Printer,USD 73.93,USD 26.64,63.00%,98.40%,https://s.click.aliexpress.com/e/_oFf5RQv
https://ae-pic-a1.aliexpress-media.com/kf/Sac622c7878dc4f06ad4453883dcef555o.jpg,,CAIRBULL Integrated Light Mountain Bike Helmets Man for Downhill BMX Adults Full Face Aero Motocross Helmet Cycling Breathable,USD 93.95,USD 53.55,43.00%,92.70%,https://s.click.aliexpress.com/e/_oEmtFWZ
https://ae-pic-a1.aliexpress-media.com/kf/S7ccc496af1614e8580d7d8726b3f14eaX.jpg,,LTWOO AX 1X11 Speed Groupset Shifter Rear Derailleur NEWBIE Chain for MTB mountain Bike Sunshine Cassette 11-42T 46T 50T 11-52T,USD 124.26,USD 62.92,49.00%,94.70%,https://s.click.aliexpress.com/e/_omDE2kp
https://ae-pic-a1.aliexpress-media.com/kf/S3f683ddfa6634ebfa3948bc7b556abaaA.png,https://video.aliexpress-media.com/play/u/ae_sg_item/2675281941/p/1/e/6/t/10301/1100189454367.mp4,Mountain Bike Helmet Full Face MTB DH Cross Country Ultralight Integrated-molding Road Half Helmet Electric Bicycle Safety Equip,USD 97.28,USD 43.78,55.00%,100.00%,https://s.click.aliexpress.com/e/_olS4K29
https://ae-pic-a1.aliexpress-media.com/kf/Se14d318c7b6e4ecc8aa4edc4fcc3e519j.jpg,,Turbo jet fan Violent Fan s7 Powerful Air Blower 200W High Power Duct Fan Mini Turbo Jet Fan 140000 RPM Strong Winds Turbo Fan,USD 425.72,USD 42.57,90.00%,100.00%,https://s.click.aliexpress.com/e/_op7yku1
https://ae-pic-a1.aliexpress-media.com/kf/S8abf44074dba47839330ef9d9ccefd2cY.jpg,,SHIMANO DEORE M6100 Groupset 1X12 Speed Shifter Rear Derailleurs FC-M6100-1 Crankset KMC X12 Chain Cassette for MTB Bike Parts,USD 398.41,USD 199.21,50.00%,80.00%,https://s.click.aliexpress.com/e/_ooeNiAl
https://ae-pic-a1.aliexpress-media.com/kf/S27e938c11d26457c92f7dbc559698a6bi.jpg,https://video.aliexpress-media.com/play/u/ae_sg_item/228051226/p/1/e/6/t/10301/1100063842317.mp4,Bicycle Helmet MTB Ride LED Lights Racing Road Bike Helmet Men and Women Outdoor Sports Pro Cycling Casco Bicicleta Safety Cap,USD 69.78,USD 34.19,51.00%,95.90%,https://s.click.aliexpress.com/e/_oChtQcD
https://ae-pic-a1.aliexpress-media.com/kf/S89807efac51b4dfab85b4ef9d5497f9bG.jpg,,LEHTF 3D Downhill Bicycle Mountain Bike Cycling Shoes Men's Skateboarding Training Shoes Wear Resistant Unlocking Cycling Shoes,USD 80.77,USD 38.76,52.00%,86.70%,https://s.click.aliexpress.com/e/_opYQNCl
https://ae-pic-a1.aliexpress-media.com/kf/Sf4b2ba076ce14af8aca7aa77f9fdfe813.jpg,,SHIMANO SLX M7100 1x12s Groupset 12s M7100 Shifte Lever M7100 M7120 Rear Derailleur 12S Groupset SL RD MTB Mini Set,USD 120.12,USD 62.56,47.00%,100.00%,https://s.click.aliexpress.com/e/_oDEW5Qt
https://ae-pic-a1.aliexpress-media.com/kf/Sfc249e686b13422cb061ce5d11dfe99df.jpg,,"Downhill trail half helmet with lights, riding equipment, safety helmet, outdoor bike helmet, mountain bike",USD 71.95,USD 43.17,40.00%,100.00%,https://s.click.aliexpress.com/e/_oEqBelL
https://ae-pic-a1.aliexpress-media.com/kf/Scb14f404338a4b27909b81fdcce81f20j.jpg,,SHIMANO XTR M9100 1x12Speed for Mountain Bike M9100 Shifter RD Rear Derailleur SGS 12 Speed Original Bike Parts,USD 328.94,USD 151.08,54.00%,94.50%,https://s.click.aliexpress.com/e/_olPKIZL
https://ae-pic-a1.aliexpress-media.com/kf/S728e18c6e4cb406783139e52741f4eaeS.jpg,https://video.aliexpress-media.com/play/u/ae_sg_item/117773835/p/1/e/6/t/10301/4000181230760.mp4,SFK Large Capacity Motorcycle Tank Package Multifunctional Waterproof Bag Magnetic Suction Fixation Design Moto Rear Seat Bag,USD 105.04,USD 52.52,50.00%,100.00%,https://s.click.aliexpress.com/e/_olpxJZR
https://ae-pic-a1.aliexpress-media.com/kf/S13728133807e4d5bb93dcd44e171eb23V.png,,WALGUN Bicycle integrated Safety Helmet Portable MTB Mountain Bike Helmets Men Women Ciclismo Motociclista Black Cycling Helmet,USD 70.46,USD 34.89,50.00%,100.00%,https://s.click.aliexpress.com/e/_oF4Kcad
https://ae-pic-a1.aliexpress-media.com/kf/S300dc08edabe487a94eb45d4b1fd1634K.jpg,,SHIMANO Deore M5100 1X11 Speed Derailleurs Groupset 11S Shift Lever Rear Derailleur CN HG601 Sunshine Cassette Chain Crankset,USD 290.30,USD 148.05,49.00%,100.00%,https://s.click.aliexpress.com/e/_oEEQP7x
https://ae-pic-a1.aliexpress-media.com/kf/S7bb2134bf55c40f3b1e80900b3c2815dk.jpg,,SHIMANO DEORE M6100 12S Derailleur Groupset 12 Speed Shift Lever 1X12S CN Chain RD CS SUNSHINE 52T HG Cassette CRANKSET,USD 294.81,USD 156.68,46.00%,100.00%,https://s.click.aliexpress.com/e/_omWzGt7
https://ae-pic-a1.aliexpress-media.com/kf/Scd739f12f2b34ed4b6d87d8be0139b9b3.jpg,https://video.aliexpress-media.com/play/u/ae_sg_item/1720121321/p/1/e/6/t/10301/299079121481.mp4,WOSAWE Roller Skating Protector Elbow Guard Knee Pads Wrist Guard Adults Riding Skateboard Skiing Motorcycle Protective Gear Set,USD 26.75,USD 14.71,45.00%,96.00%,https://s.click.aliexpress.com/e/_oB7IOZx
https://ae-pic-a1.aliexpress-media.com/kf/S6b0a564165b84d158e12ccf7665ee8dfX.jpg,,Shimano DEORE FC-M6100 FC-M6120 12Speed 170MM 32T 12S FRONT CHAINRING CRANKSET 12V CRANKARM CHAINWHEEL Original Parts SM-BB52,USD 109.93,USD 65.96,40.00%,96.70%,https://s.click.aliexpress.com/e/_oFsvJDn
https://ae-pic-a1.aliexpress-media.com/kf/Sb331cd54d9514f7e862ff42e811ec00cb.jpg,,SHIMANO DEORE XT M8100 1X12 Speed Groupset Rear Derailleur SGS Right Shifter Lever SUNSHINE HG Type Cassette CN-M6100 Bike Parts,USD 280.77,USD 149.22,46.00%,100.00%,https://s.click.aliexpress.com/e/_ok6nJJx
https://ae-pic-a1.aliexpress-media.com/kf/S67b57d0bd7314a568d9732f7485808246.jpg,https://video.aliexpress-media.com/play/u/ae_sg_item/6000720112/p/1/e/6/t/10301/4000230426747.mp4,Makita DDF487 18V Screwdriver Brushless Electric Drill Impact Drill Of Decoration Team Power Tools For Makita 18V Battery,USD 70.01,USD 30.81,56.00%,81.30%,https://s.click.aliexpress.com/e/_oFU8sPf
https://ae-pic-a1.aliexpress-media.com/kf/Hb227e2f25bea40ab97ae16623b7784df2.jpg,,SHIMANO DEORE M4100 M5120 Cues U6000 1x10 Speed Groupset MTB Mountain Bike SL-M4100 Shift Lever Rear Dearilleur Cassette Chain,USD 171.24,USD 86.70,49.00%,100.00%,https://s.click.aliexpress.com/e/_ol6P7u9
https://ae-pic-a1.aliexpress-media.com/kf/S021895a1e39a4b598d045a40561d1169a.png,,MTB Full Face Helmet Downhill Outdoors Sports Motocross Racing Bicycle Helmet For Men Ultralight Mountain Bike Safety Helmet,USD 145.03,USD 65.26,55.00%,93.30%,https://s.click.aliexpress.com/e/_opICNsN
https://ae-pic-a1.aliexpress-media.com/kf/Se24dd302f2954a3f87de5019f2b563ccl.jpg,https://video.aliexpress-media.com/play/u/ae_sg_item/233053821/p/1/e/6/t/10301/1100151757022.mp4,XOD E-Bike Electric Folding Bicycle MTB Hydraulic Disc Brake Power Off For Driving Oil Disc Brake Of Bicycle Brake Caliper Parts,USD 13.80,USD 9.11,34.00%,92.20%,https://s.click.aliexpress.com/e/_opTUrM9
https://ae-pic-a1.aliexpress-media.com/kf/S00e12e44bc514e6195a305cb22dcef28U.png,,"Ultralight Mountain Bike Helmet, MTB Cross Country Helmet, Adjustable Brim Riding Helmet, DH Speed Down, Road Bike Equipment",USD 97.05,USD 45.62,53.00%,100.00%,https://s.click.aliexpress.com/e/_olfvhUl
https://ae-pic-a1.aliexpress-media.com/kf/S86edd6b4dc36463d98bedc4b213689c2l.jpg,,Shimano BR BL MT200 Bicycle Brake MTB Brake Hydraulic Disc Brake 750/800/1350/1450/1500mm Mountain Clamp Brakes upgraded MT315,USD 36.40,USD 21.84,40.00%,80.00%,https://s.click.aliexpress.com/e/_oEZA4N7
https://ae-pic-a1.aliexpress-media.com/kf/Saa5e8077525144439f496408cf9b633fX.jpg,,BATFOX Bicycle Helmet Cross Country Race Skateboarding Speed Descent Riding Helmet Men Light integrally-molded Electric scooter,USD 39.34,USD 33.44,15.00%,95.00%,https://s.click.aliexpress.com/e/_olgcFIp
https://ae-pic-a1.aliexpress-media.com/kf/HTB1y8QUi79WBuNjSspeq6yz5VXa5.jpg,https://video.aliexpress-media.com/play/u/ae_sg_item/2891811257/p/1/e/6/t/10301/230479072432.mp4,"KCNC Kasditor Disc Brake Rotor, Floating Heat Dispense Cooling, 160mm, 180mm MTB, DH, SUS 420, Super Light 95g",USD 54.00,USD 35.10,35.00%,95.00%,https://s.click.aliexpress.com/e/_oCRRJ0l
https://ae-pic-a1.aliexpress-media.com/kf/S50af340987224e01b0a179efa0bb075eI.jpg,,BATFOX 3/4 BMX Bicycle Helmet Mtb OFF Road Half Helmet Mountain Bike Race Integrated Ear Protection Off-Road Cycling Helmet,USD 49.36,USD 41.46,16.00%,96.90%,https://s.click.aliexpress.com/e/_oCl4pfx
https://ae-pic-a1.aliexpress-media.com/kf/Se400f2ffac7d4c8084f0705ee78fe2d2R.jpg,,SHIMANO CUES U6000 1X10Speed Groupset Shifter Lever SL-U6000-10R Rear Derailleur SGS CS-LG400-10 48T CN-LG500 Crankset Original,USD 280.82,USD 148.83,47.00%,86.70%,https://s.click.aliexpress.com/e/_onxtzmh
https://ae-pic-a1.aliexpress-media.com/kf/Sb67eaea09a3e4665a0c92bc778c9c638b.png,,Ultralight Full Face Cycling Helmet for Men and Women MTB Downhill Bicycle Helmet Motorcycle Bike Racing Kask Professional Equip,USD 134.70,USD 64.66,52%,100.00%,https://s.click.aliexpress.com/e/_op2v2z7
https://ae-pic-a1.aliexpress-media.com/kf/S68c80341906242a79b0b4670ea055751q.jpg,,SHIMANO CUES 9S U4000 MTB Groupset 1X9 SPEED 48T Cassette 170/175x32/34/36/38T RIRO XT CRANKSET,USD 239.31,USD 119.07,50%,100.00%,https://s.click.aliexpress.com/e/_oo9bJhP
https://ae-pic-a1.aliexpress-media.com/kf/S6773813562c745b3aeca39941194b5c6a.jpg,,Comfortable Walkable Bike Shoes Imitation Fur Lockless Cycling Skateboard Shoes with Casual Flat Pedal Mountain Bike Shoe,USD 82.71,USD 39.69,52%,100.00%,https://s.click.aliexpress.com/e/_ommxKcD
https://ae-pic-a1.aliexpress-media.com/kf/S1537e5a47de5468cbf5f2bc680431ed08.png,,Cycling Helmet MTB Fullface Ultralight Integrated Man's Professional Racing Equipment Outdoors Sport Motocross Bicycle Protect,USD 122.30,USD 61.15,50%,80.00%,https://s.click.aliexpress.com/e/_oCDiyjr
https://ae-pic-a1.aliexpress-media.com/kf/S3a463ccbfe0640afb6f730e143a71c23M.jpg,https://video.aliexpress-media.com/play/u/ae_sg_item/234377875/p/1/e/6/t/10301/1100088113916.mp4,Original SHIMANO DEORE FC M5100 Crankset 1x11 Speed MTB 34/36T Crank WUZEI Chainring BB MT501/MT500/BB52 for Saint MTB Crankset,USD 120.87,USD 49.56,59%,96.40%,https://s.click.aliexpress.com/e/_oniKsN7
https://ae-pic-a1.aliexpress-media.com/kf/Sd4803cbb38ca4668932ca89223cc2526N.jpg,https://video.aliexpress-media.com/play/u/ae_sg_item/238178090/p/1/e/6/t/10301/4000072412056.mp4,INGRID RD1 Rear Derailleur for SHIMANO SRAM 11speed 12 speed Road MTB bike derailleur,USD 118.80,USD 85.54,28%,92.90%,https://s.click.aliexpress.com/e/_omFruy1
https://ae-pic-a1.aliexpress-media.com/kf/Hba648e890d3a4d05923f7efd758e7ab5j.jpg,,FOSS 16/20/24/26/650B/29/700C Bicycle Inner Tube Tyres Road MTB Bike Interior Tire Tube Anti Puncture Tube For Bike Bicycle Tire,USD 11.25,USD 6.75,40%,95.60%,https://s.click.aliexpress.com/e/_oFzDz9P
https://ae-pic-a1.aliexpress-media.com/kf/Sd3d52e77ea694daf9b1d7ce870930369C.jpg,,DEWALT DCF860 20V Battery Cordless Compact Drill / Driver Multifunctional Brushless Impact Electric Drill Power Tool,USD 97.63,USD 45.89,53%,92.90%,https://s.click.aliexpress.com/e/_okMY0WN
https://ae-pic-a1.aliexpress-media.com/kf/S3d440b41c7a34a4d8f0dd93192c4b682v.jpg,,KOOZER XM490 PRO BOOST Bicycle Hub Steel Shaft Sealed Bearing 148x12MM 110x15MM 141x5MM 28/32 Holes Noise Hubs than D792SB 350,USD 49.99,USD 25.00,50%,99.30%,https://s.click.aliexpress.com/e/_oow425j
https://ae-pic-a1.aliexpress-media.com/kf/S3e56e40b62e847bcaf86cfc8db8c78acV.jpg,,CXWXC Waterproof Cycling Overshoes Rainproof Warm Cycling Boot Shoe Covers For Mtb Road Bike Winter Shoe Booties Cover Protector,USD 25.13,USD 17.59,30%,100.00%,https://s.click.aliexpress.com/e/_okGRv7F
https://ae-pic-a1.aliexpress-media.com/kf/Sd657db26db194e7f9c1ef789650e4227R.jpg,,MAKITA DTD172Z Lithium battery brushless impact driver memory function 4 mode screwdriver,USD 97.37,USD 39.92,59%,88.00%,https://s.click.aliexpress.com/e/_ooZRxID
https://ae-pic-a1.aliexpress-media.com/kf/Sdbc3951aaccf4e9d9dadaec8b7a1d3f8n.jpg,https://video.aliexpress-media.com/play/u/ae_sg_item/244055355/p/1/e/6/t/10301/1100089474515.mp4,Shimano Deore M5100 Crankset 10/11S Mountain Bike Bicycle Crankset FC-M5100-1 170/175mm Cranksets Bottom Bracket BB52 M500 M501,USD 109.26,USD 54.63,50%,90.80%,https://s.click.aliexpress.com/e/_olkIg97
https://ae-pic-a1.aliexpress-media.com/kf/S6616e19ea4294a679560cf6ab8d8260aS.jpg,https://video.aliexpress-media.com/play/u/ae_sg_item/228081202/p/1/e/6/t/10301/1100045388486.mp4,SHIMANO DEORE XT CS M8100 12 Speed 12S 10-51T MTB Mountain Bike Bicycle Cassette Sprocket CS-M8100 Bike Parts 12v,USD 202.58,USD 95.21,53%,92.60%,https://s.click.aliexpress.com/e/_oDSOWh7
https://ae-pic-a1.aliexpress-media.com/kf/S132e78468ec749c38400106c77e7204fr.jpg,,Shimano Deore M6100 1X12 Speed Groupset for MTB Mountain Bike 12V Shift Lever CN RD Derailleurs 51T Cassette Original Bike Sets,USD 234.47,USD 114.89,51%,92.90%,https://s.click.aliexpress.com/e/_oEp7uCD
https://ae-pic-a1.aliexpress-media.com/kf/Sb0d05a6399904ef9a532a244e82b9f96T.png,https://video.aliexpress-media.com/play/u/ae_sg_item/2676146010/p/1/e/6/t/10301/1100206739038.mp4,TANKE 4 Pistons MTB Bike Hydraulic Brake 900/1700mm Oil Pressure Split-type Brake Mountain AM DH Road Bike Disc Brake upgradatio,USD 69.03,USD 33.93,50%,91.70%,https://s.click.aliexpress.com/e/_omEPhdR
https://ae-pic-a1.aliexpress-media.com/kf/S6e7a87d98d134951b8458340ce8d22f9w.jpg,,Kids Mini Basketball Hoop With Electronic Scoreboard Ball Sport Backboard Outdoor Indoor Excersise Accessory Funny Game Toys,USD 7.94,USD 3.89,50%,84.00%,https://s.click.aliexpress.com/e/_oBw6yTB
https://ae-pic-a1.aliexpress-media.com/kf/S69d1140afbfe45be9f175e1eb2115bf1L.jpg,https://video.aliexpress-media.com/play/u/ae_sg_item/2672185504/p/1/e/6/t/10301/1100172077955.mp4,IIIPRO 800/1550mm E2 Front Rear 2 Piston Oil Pressure Bicycle Hydraulic Disc Brake Multicolor MTB DH AM Gym bike Brake Parts,USD 24.28,USD 12.14,50%,100.00%,https://s.click.aliexpress.com/e/_oDoLk1F
https://ae-pic-a1.aliexpress-media.com/kf/S37a0c2c43e834372890b51b8586ff1ec0.jpg,,Shimano SLX XT Deore M8100 M7100 M6100 12 Speed Cassette Micro Spline K7 12V Sprocket 10-51T MTB Freewheel 12S Bicycle Ratchet,USD 169.04,USD 69.31,59%,95.00%,https://s.click.aliexpress.com/e/_o2DPwkZ
https://ae-pic-a1.aliexpress-media.com/kf/Sba0dd4216b484d7f9db4da61b316e1e3V.jpg,,Indoor and Outdoor Basketball Adult Sports Competition Training No.7 Suede Basketball Sweat Absorption and Moisture Absorption,USD 25.97,USD 13.17,49%,90.00%,https://s.click.aliexpress.com/e/_oBqkPtX
https://ae-pic-a1.aliexpress-media.com/kf/S5e8bc2c2d97c49679fe9b0679911d1e1S.jpg,,IIIPRO Bike Hydraulic Brake 4-Piston 800/1550MM MTB Bicycle Brakes Mineral Oil Disc Brake for Full Layout Cable Routing AM DH,USD 188.33,USD 94.63,49%,100.00%,https://s.click.aliexpress.com/e/_oEOue1L
https://ae-pic-a1.aliexpress-media.com/kf/Sec55f91b94e44e5ca2b6c4e4e0ee6594E.jpg,,Portable Coffee Machine Compatible for K Cup Capsules Ground Coffee Handheld Coffee Maker Manually Operated for Camping Hiking,USD 66.23,USD 23.18,65%,85.00%,https://s.click.aliexpress.com/e/_oB9lzT7
https://ae-pic-a1.aliexpress-media.com/kf/S4090e4afdb05487a967db72531084c1cK.jpg,,SHIMANO DEORE MT410 MT420 Hydraulic Disc Brake Caliper 2or 4 Piston MTB BL-MT401 BR-MT410 BR-MT420 for MTB Mountain Bike Parts,USD 189.69,USD 93.56,50%,95.00%,https://s.click.aliexpress.com/e/_oEyfhKZ
https://ae-pic-a1.aliexpress-media.com/kf/Sbba19b85a0284258ba4ce3d8a12ac2f1m.jpg,https://video.aliexpress-media.com/play/u/ae_sg_item/244055355/p/1/e/6/t/10301/1100090596888.mp4,Shimano SLX M7100 Cassette Sprocket 12 speed 10-51T K7 Freewheel Mountain Bike MTB 12 Speed Bicycle Parts Original,USD 140.76,USD 77.42,45%,100.00%,https://s.click.aliexpress.com/e/_opBaBzR
https://ae-pic-a1.aliexpress-media.com/kf/S4592a638842f48ac90cb5790eb8a606eU.jpg,,Topeak 0.3L Bicycle Seat Bag MTB Road Bike Ultra Compact Waterproof Saddle Bag Portable Cycling Tail Pack With Hidden RepairTool,USD 31.63,USD 22.14,30%,100.00%,https://s.click.aliexpress.com/e/_onVKgPP
https://ae-pic-a1.aliexpress-media.com/kf/Saf129e706177455b962b376823976d2dN.jpg,,Lockless Cycling Shoes Men Women Outdoor Hiking Cycling Training Sports Non-slip Breathable Mesh Lace-Up Cycling Footwear,USD 84.96,USD 40.76,52%,93.30%,https://s.click.aliexpress.com/e/_ol13w9L
https://ae-pic-a1.aliexpress-media.com/kf/S88f9ce36f11c4b51ad90cbe609d7fb623.jpg,,Basketball Hoop Toys for Boys Girls 3+ Years Old Wall Type Foldable Basketball Hoop Throw Outdoor Indoor Games Kids Sports 농구골대,USD 3.83,USD 1.90,50%,100.00%,https://s.click.aliexpress.com/e/_oFrUsnP
https://ae-pic-a1.aliexpress-media.com/kf/S69c5897a3ea74eb09ea7344bddfb17b6F.jpg,https://video.aliexpress-media.com/play/u/ae_sg_item/2685987082/p/1/e/6/t/10301/4000228516701.mp4,100% Genuine/Original Makita 18v battery bl1850b BL1850 bl1860 bl 1860 bl1830 bl1815 bl1840b LXT400 6.0Ah for makita tools drill,USD 30.15,USD 12.36,59%,100.00%,https://s.click.aliexpress.com/e/_okNb7OZ
https://ae-pic-a1.aliexpress-media.com/kf/S934ccbdc5bcc49bfae679fedcaeb40941.jpg,,1/4inch 4000rpm Brushless Electric Screwdriver 21+1 Gear Two Speed Cordless Electric Drill Tool For Makita 18v Battery,USD 49.66,USD 25.44,48%,91.60%,https://s.click.aliexpress.com/e/_ome2fKv
https://ae-pic-a1.aliexpress-media.com/kf/S8cc20dbc7290478fb6c9968340cfef9av.jpg,https://video.aliexpress-media.com/play/u/ae_sg_item/242519515/p/1/e/6/t/10301/1100174378517.mp4,E-Bike Electric Folding Bicycle XT 4 Piston Hydraulic Power Off Disc Brake Oil Pressure Brakes 950/1850mm Four Piston Ultralight,USD 35.85,USD 23.66,34%,93.90%,https://s.click.aliexpress.com/e/_ooK8s2H
https://ae-pic-a1.aliexpress-media.com/kf/Sbe82e127ef2b4d7d9c343b96c86615b9q.png,https://video.aliexpress-media.com/play/u/ae_sg_item/2676146010/p/1/e/6/t/10301/1100206739038.mp4,TANKE MTB 4 Piston Hydraulic Disc Brake 2200mm Split-type Oil Pressure Brake Mountain AM DH E-bike Road Bike Brake upgradatio,USD 72.10,USD 38.32,46%,80.00%,https://s.click.aliexpress.com/e/_olSwFVR
https://ae-pic-a1.aliexpress-media.com/kf/S16f052c417bd4dc08e28cc26a6a6f854b.jpg,,Shimano XT M8100 Shifter SLX M7100 12S MTB Derailleur Deore 11S M5100 M4100 Mountain Bike 10S Finger Dial 11 Speed Bicycle Parts,USD 30.19,USD 14.89,50%,100.00%,https://s.click.aliexpress.com/e/_okKdx85
https://ae-pic-a1.aliexpress-media.com/kf/Sd9e2d75a361e4030b3aca19e9593dafaN.png,,"18V 1/4"" Electric Rechargeable battery powered brushless cordless impact driver drill screwdriver",USD 93.11,USD 45.30,51%,92.80%,https://s.click.aliexpress.com/e/_oF9GKEl
https://ae-pic-a1.aliexpress-media.com/kf/S6be147d272f74a55b6986d7a7e307debp.jpg,,4 Piston MTB Brakes Right Hydraulic Brake Mountain bike brake Bicycle Hydraulic Cooling Oil Pressure AM DH E-bike Disc MTB Brake,USD 24.68,USD 19.74,20%,100.00%,https://s.click.aliexpress.com/e/_okdvU29
https://ae-pic-a1.aliexpress-media.com/kf/Sc6bcb98c216c48719860d2907e47fa86e.jpg,,Shimano SLX CS-M7000 11 Speed 11-40T 42T 46T MTB Cassette Sprocket 11S HYPERGLIDE - MTB Cassette Sprocket Original Bike Parts,USD 98.11,USD 49.67,49%,91.40%,https://s.click.aliexpress.com/e/_op0spzB
https://ae-pic-a1.aliexpress-media.com/kf/S2b99f11746cc44479bd13d41a7512342h.jpg,https://video.aliexpress-media.com/play/u/ae_sg_item/252536837/p/1/e/6/t/10301/1100141055718.mp4,IIIPRO E4 Bicycle Hydraulic Disc Brake 4 Piston MTB Mountain Bike Caliper Oil Brake Pressure Front Rear 800/1550mm Cycling Parts,USD 22.88,USD 12.58,45%,100.00%,https://s.click.aliexpress.com/e/_oF8ueCZ
https://ae-pic-a1.aliexpress-media.com/kf/Sde64da95fbca4023bc902eaf78535eeex.jpg,,Makita DTW300 brushless impact wrench rack worker electric wrench auto repair factory impact wind cannon,USD 92.70,USD 43.05,53%,90.00%,https://s.click.aliexpress.com/e/_oojxIYh
https://ae-pic-a1.aliexpress-media.com/kf/Sabd9d240c3ca413aaab9cddad968d0cew.jpg,,4 Piston Bicycle Mountain Bike Hydraulic Brake 800/1550mm Front Rear Brake Cooling Oil Pressure AM DH E-bike MTB Disc Brake part,USD 15.55,USD 12.44,20%,100.00%,https://s.click.aliexpress.com/e/_oolnt3L
https://ae-pic-a1.aliexpress-media.com/kf/S1fd5cc1f44cd4513b1a4c0e15d4c65907.jpg,,MAKITA DTD172Z Lithium battery brushless impact driver memory function 4 mode screwdriver,USD 102.54,USD 47.77,53%,80.00%,https://s.click.aliexpress.com/e/_oCcIoFB
https://ae-pic-a1.aliexpress-media.com/kf/Sbeeebe91973c4613a826619d3311b2c5m.jpg,,SHIMANO CUES U6000 10 11 Speed Derailleur SL U6000 Shift Lever RD U6000 Rear Derailleur 10S 11S 10V 11V Original Bicycle Parts,USD 36.05,USD 18.02,50%,100.00%,https://s.click.aliexpress.com/e/_om18eKz
https://ae-pic-a1.aliexpress-media.com/kf/S265deb5acfcd475092548a9f991164815.jpeg,,SHIMANO SLX M7100 12 Speed CS-M7100 10-45T 10-51T Cassette MICRO SPLINE MTB Cassette Sprocket Flywheel Original Bike Parts,USD 130.92,USD 66.15,49%,100.00%,https://s.click.aliexpress.com/e/_oCo0rnT
https://ae-pic-a1.aliexpress-media.com/kf/S5fd0a1c194554414a653c2d889092f83d.jpg,,Schwalbe Tire Booster Reusable Tubeless Tire Inflator for Simplifying Tubeless Assembly MTB Road Bike Bicycle Parts,USD 127.00,USD 87.63,31%,100.00%,https://s.click.aliexpress.com/e/_onLidFj
https://ae-pic-a1.aliexpress-media.com/kf/S39b1933d2e7b47fabd17b349513b7b97V.jpg,https://video.aliexpress-media.com/play/u/ae_sg_item/242519515/p/1/e/6/t/10301/1100167525210.mp4,AKANTOR XT 4 Piston Mountain Bike Hydraulic Disc Brake Set Oil Pressure Brakes 850/1500mm Four Piston Ultralight MTB Calipers,USD 55.14,USD 36.94,33%,100.00%,https://s.click.aliexpress.com/e/_oDJm2aN
https://ae-pic-a1.aliexpress-media.com/kf/Sed72678430524ff49c67241d0b984b26x.jpg,https://video.aliexpress-media.com/play/u/ae_sg_item/251112407/p/1/e/6/t/10301/1100182714708.mp4,"Luxury gun gray brass shower system intelligent LED digital display design, wall mounted dual control cold & hot 4-function Tap",USD 1026.88,USD 636.67,38%,100.00%,https://s.click.aliexpress.com/e/_opJR1MN
https://ae-pic-a1.aliexpress-media.com/kf/S894aeef5a79144a9863744b4963c2eeeT.jpg,,Full Face Downhill Bike Helmet with Goggles Men's Mtb Helmet Off-road PC+EPS Protection Outdoor Sports Safety Bicycle Equipment,USD 109.21,USD 62.25,43%,80.00%,https://s.click.aliexpress.com/e/_op2U4o1
https://ae-pic-a1.aliexpress-media.com/kf/Saf76a07b037a49e7be2282eb628e594dy.jpg,,HOGER MTB Bike Hydraulic Disc Brake Set 160mm Rotors Oil Calliper Plate Front Rear Mountain Bicycle Clamp 22.2mm Handle A Pillar,USD 34.19,USD 18.17,46%,100.00%,https://s.click.aliexpress.com/e/_oojf2l7
https://ae-pic-a1.aliexpress-media.com/kf/Sd999eb5080a34124a92dd6c1c3d37192N.jpg,,Shimano Deore M5100 M6100 M4100 XT M8100 M7100 MTB Cassette 10S 11S 12S Mountain Bike Sprocket Bicycle K7 11V Ratchet,USD 83.83,USD 42.36,49%,96.70%,https://s.click.aliexpress.com/e/_omHV7oN
https://ae-pic-a1.aliexpress-media.com/kf/Se3fffcc00fb349c387b128116379e377K.jpg,https://video.aliexpress-media.com/play/u/ae_sg_item/2659994306/p/1/e/6/t/10301/4000232786975.mp4,Gisam 588N.m Brushless 1/4inch Cordless Driver Drill Electric Screwdriver 4 Speed with 3 LED Power Tools For Makita 18V Battery,USD 65.14,USD 42.99,34%,96.70%,https://s.click.aliexpress.com/e/_omO6EPX
https://ae-pic-a1.aliexpress-media.com/kf/Sa8ec4e60155c44ed80a5e6b0db6d1902Q.jpg,,Makita taladro drill DTD172Z 전동드릴 Brushless Cordless Impact Driver LXT BL 18V Lithium Power Tools 180NM ferramentas milwaukee,USD 89.68,USD 37.67,58%,100.00%,https://s.click.aliexpress.com/e/_oEqMcwV
https://ae-pic-a1.aliexpress-media.com/kf/Sf43f613fee594ebebe37ca3927e2e0c7Y.jpg,,Makita 18V Cordless Impact Wrench Brushless Motor Electric Variable Speed Electric Multi-function Tool DTW300,USD 84.48,USD 41.39,51%,92.30%,https://s.click.aliexpress.com/e/_oo31WHL
https://ae-pic-a1.aliexpress-media.com/kf/S8950e562e01f40f4adbb5c727c12aaf8T.jpg,,IIIPRO IV4R 4 Piston Disc Hydraulic Brake MTB AM DH Bike Brake 82/145cm CNC Tech Mineral Oil for Mountain XC Climbing Bicycle,USD 181.70,USD 91.30,49%,93.30%,https://s.click.aliexpress.com/e/_oFMByWH
https://ae-pic-a1.aliexpress-media.com/kf/S430c2cc0d61e45b08cfa5910b1a31c67O.jpg,,ROCKBROS Bicycle Handlebar Grip Anti-Slip Bike Handle Cuffs Cover Ergonomic Soft Top-grain Leather MTB Bike Accessories 1 Pair,USD 45.61,USD 22.81,50%,100.00%,https://s.click.aliexpress.com/e/_olw7jrL
https://ae-pic-a1.aliexpress-media.com/kf/S1a08a9d2c089400da3d0ebf728382550o.jpg,https://video.aliexpress-media.com/play/u/ae_sg_item/2671969090/p/1/e/6/t/10301/1100184432451.mp4,Sram GX NX SX Eagle Trigger Shifter MTB 12 Speeds Original Mountain Bike Shifter 12S RD Rear Trigger/ grip Shifter,USD 27.05,USD 13.30,50%,97.60%,https://s.click.aliexpress.com/e/_oCeqefX
https://ae-pic-a1.aliexpress-media.com/kf/Hf15fd914af1c448e90344ca1d7791c94X.jpg,,SHIMANO DEORE XT SLX SL M6100 M7100 M8100 Shifter Lever Right 12Speed Left 2Speed for Mountain Bike MTB Bicycle Original Parts,USD 33.23,USD 16.46,50%,98.20%,https://s.click.aliexpress.com/e/_oDtmkHF
https://ae-pic-a1.aliexpress-media.com/kf/S8f89096fec994b789bcb618c404f5bd41.jpg,,Mountain Bike Retro Lock Grip Anti Slip PU Leather Hand Sewn Bicycle Anti Slip Cover Road Bike Handle Cover,USD 10.26,USD 5.19,49%,93.30%,https://s.click.aliexpress.com/e/_oCMi9BL
https://ae-pic-a1.aliexpress-media.com/kf/Sfd6ead73e090467f9034c31142e49fb6C.jpg,https://video.aliexpress-media.com/play/u/ae_sg_item/221697733/p/1/e/6/t/10301/1100088673415.mp4,IIIPRO E4 Mountain Bike Hydraulic Brake 800/1550mm Front Rear Brake Cooling 4 Piston Oil Pressure AM DH E-bike MTB Disc Brake,USD 7.70,USD 4.03,47%,100.00%,https://s.click.aliexpress.com/e/_oEpG2Kl
https://ae-pic-a1.aliexpress-media.com/kf/S9a7a6b0eb2ac44318679ea3be04752e6b.jpg,https://video.aliexpress-media.com/play/u/ae_sg_item/202169686/p/1/e/6/t/10301/1100142571883.mp4,ARC MT009 6 Pawls 4 Bearings MTB Bicycle Hub 3 Teeth Front 15x110 Rear 12x148 Boost For K7 Micro Spline HG 8 9 10 11 12S Srm XD,USD 35.53,USD 15.63,56%,98.70%,https://s.click.aliexpress.com/e/_oB6JRyV
https://ae-pic-a1.aliexpress-media.com/kf/S85a09f807fdb4a4381a4270e7dcc5618s.png,,WADE Legal Original Indoor/Outdoor PU Leather Ball for School Basketball Ball Size 7 Adult Bola With Free Pump/Pin/Net/Bag,USD 40.93,USD 20.46,50%,98.80%,https://s.click.aliexpress.com/e/_oktAyzF
https://ae-pic-a1.aliexpress-media.com/kf/Se574080dd9e545afbae8110d3f4aa809D.jpg,,2025 Bicycle Hubs KOOZER XM490 PRO BOOST Mountain Bike Hub Steel Shaft Sealed Bearing 148x12MM 110x15MM 28/32 holes Noise hub,USD 46.85,USD 22.96,51%,100.00%,https://s.click.aliexpress.com/e/_oDDcoZT
https://ae-pic-a1.aliexpress-media.com/kf/Se7d746861aec43778bf755c0950d25e6e.png,https://video.aliexpress-media.com/play/u/ae_sg_item/2675281614/p/1/e/6/t/10301/1100167813243.mp4,WADE 7# Indoor/outdoor Sport Basketball Ball for Basketball Original Ball High Quality Frosted Suede Material,USD 44.66,USD 23.37,47%,100.00%,https://s.click.aliexpress.com/e/_okvI91P
https://ae-pic-a1.aliexpress-media.com/kf/Sbc9f4c48170848bc85e52e3c2120602bW.jpg,,Makita New DTD173 Electric Drill Tools Cordless Screwdriver Drill Wireless Drills Household Power Tool Construction Rechargeable,USD 80.22,USD 39.49,50%,96.00%,https://s.click.aliexpress.com/e/_olD67od
https://ae-pic-a1.aliexpress-media.com/kf/S0f289149ed6341689b1e433f7b5fd341j.jpg,,GIYO RD-100 Winter Thermal Cycling Overshoes Bicycle Shoes Covers MTB Road Bike Waterproof Reflective Windproof Boot Covers,USD 20.33,USD 14.23,30%,100.00%,https://s.click.aliexpress.com/e/_oDsWuEd
https://ae-pic-a1.aliexpress-media.com/kf/S7e11053105374293a3af159409ad5365m.jpg,,Towel Holder Rack Hanger Collapsible Bar Shower Clothes Shelf Aluminium Alloy Bath Wall Movable Hook Bathroom Accessories,USD 43.56,USD 21.34,51%,100.00%,https://s.click.aliexpress.com/e/_oEzu7J3
https://ae-pic-a1.aliexpress-media.com/kf/S990b20edc9db425b8805ee15df8e672aI.jpg,https://video.aliexpress-media.com/play/u/ae_sg_item/2667289817/p/1/e/6/t/10301/4000095330124.mp4,7# Lightning Pattern Basketball PU Leather Wear-resistant High Quality Outdoor Indoor Training Ball Adults Youth Basketballs,USD 41.06,USD 24.64,40%,100.00%,https://s.click.aliexpress.com/e/_oDlUdg9
https://ae-pic-a1.aliexpress-media.com/kf/Sa190587194844af7aef88174cded359eR.jpg,,Black Purple Rubber Basketball Ball Official Size 7 Free Needle Net Pump Outdoor Durable Basket Ball,USD 36.61,USD 18.65,49%,95.60%,https://s.click.aliexpress.com/e/_om2S6tx
https://ae-pic-a1.aliexpress-media.com/kf/Sd8885d2aaad149de9d396e3359eebd86c.jpg,,2024 new wide polished bicycle pedals Road Bicycle 3 Bearings Pedal Mountain Bike Cycling Anti-slip Pedal,USD 50.48,USD 22.72,55%,100.00%,https://s.click.aliexpress.com/e/_oCk80MZ
https://ae-pic-a1.aliexpress-media.com/kf/Sb008fc816b954ec681da0dabe91244a5S.jpg,,Dewalt DCD887 Brushless Cordless Electric Impact Drill Driver With LED Light 3250RPM High-speed 205NM High Torque Power Tools,USD 93.64,USD 41.20,56%,87.50%,https://s.click.aliexpress.com/e/_ooSzU8h
https://ae-pic-a1.aliexpress-media.com/kf/S1f087e367a2f4ca5b14c7e144626f1b1v.jpg,,Bike Handlebar Grip Rubber Anti-Skid Ergonomic Mountain MTB Cycling Parts Bicycle Grips White Yellow Red Blue Gray,USD 12.30,USD 9.35,24%,84.00%,https://s.click.aliexpress.com/e/_olDp0rJ
https://ae-pic-a1.aliexpress-media.com/kf/Saff48d0c44e54d109fd358a506ace3afq.jpg,,Shimano Deore SLX MT510 MTB Crankset 10 10 11 12 Speed Mountain Bike Candle Bicycle Sprocket 170mm 32T 34T 36T 38T BB52 MT500,USD 93.21,USD 45.67,51%,94.00%,https://s.click.aliexpress.com/e/_onsmUel
https://ae-pic-a1.aliexpress-media.com/kf/S9ec21b7b8a114a098bec130b18ff9943b.jpg,,Bicycle hubs KOOZER 450 BOOST Mountain Bike Hub 6 Pawls 120HD 28 32 Hole HG XD MS 8 9 10 11 12Speed 110*15 148*12MM XM490 Upgrad,USD 47.17,USD 23.58,50%,100.00%,https://s.click.aliexpress.com/e/_okNopvf
https://ae-pic-a1.aliexpress-media.com/kf/S281da5ef8abf452fa9444df870b58811z.jpg,,Veidoorn PU Basketball Official Size 7 International Standard Professional Basketball 4 Layers Outdoor Indoor Durable Ball,USD 44.32,USD 22.88,48%,100.00%,https://s.click.aliexpress.com/e/_oDdIFFx
https://ae-pic-a1.aliexpress-media.com/kf/S0dc5aa87350f4602af52a90c91e72330X.jpg,https://video.aliexpress-media.com/play/u/ae_sg_item/252403922/p/1/e/6/t/10301/4000112700681.mp4,"Luminous Basketball 7,6,5 Children Student Adult Game Outdoor Indoor Wear-resistant PU Fluorescent Training Basketball Equipment",USD 37.05,USD 22.23,40%,90.00%,https://s.click.aliexpress.com/e/_oo7PHbx
https://ae-pic-a1.aliexpress-media.com/kf/S5d860852340045668a8fc494189f1924H.jpg,,ODI MTB Bicycle Grips Bike Ultralight Aluminum Alloy Lock Ring Leather Anti-skid Shock-absorbing silicagel pad Folding Bike grip,USD 19.50,USD 9.87,49%,94.00%,https://s.click.aliexpress.com/e/_omYWd2p
https://ae-pic-a1.aliexpress-media.com/kf/S30fc7f4b94b34ff4ba42fd8c4bcacbfft.jpg,https://video.aliexpress-media.com/play/u/ae_sg_item/238889113/p/1/e/6/t/10301/1100070467838.mp4,CONTINENTAL RUBAN SHIELDWALL TUBELESS TIRE MTB 27.5/29IN TLR E-25 Folding Tyre 29 in MTB Tubeless XC TIre,USD 70.38,USD 35.19,50%,98.60%,https://s.click.aliexpress.com/e/_omgFVUz
https://ae-pic-a1.aliexpress-media.com/kf/S024def2174154a9895b0db2770b8a5f77.png,,TANKE Bike Fork Rebound Adjustable MTB Air Front Suspension 26/27.5/29 Inch 120mm Travel Quick Release Fork Bicycle Accessories,USD 136.10,USD 66.69,51%,94.80%,https://s.click.aliexpress.com/e/_opyjHiZ
https://ae-pic-a1.aliexpress-media.com/kf/Se5ec9ae61335468a9d27f0657475ddf6Q.jpg,https://video.aliexpress-media.com/play/u/ae_sg_item/2210012038815/p/1/e/6/t/10301/311393747895.mp4,New 2022 Bicycle Winter Cycling Clothes Movistar Long Sleeve Clothing Riding Jersey Set Mtb Thermal Fleece Maillot Ropa Ciclismo,USD 31.00,USD 20.15,35%,87.50%,https://s.click.aliexpress.com/e/_oDDCMiV
https://ae-pic-a1.aliexpress-media.com/kf/S0f166e344ea74279ac575b68a2c49693I.jpg,,TANKE E-Bike MTB 4 Piston Hydraulic Disc Brake Set 160mm Rotors Oil Pressure Brakes Front Rear Mountain Bicycle Clamp Ultralight,USD 70.56,USD 34.57,51%,89.20%,https://s.click.aliexpress.com/e/_ophFAAl
https://ae-pic-a1.aliexpress-media.com/kf/S070edbde368b477b97ae5ab751dc68aat.jpg,,1 pc Kobe Basketball Yellow Purple No.5 No.7 PU Black Mamba 24 Signature Game Durable Outdoor Training,USD 37.84,USD 19.01,49%,92.00%,https://s.click.aliexpress.com/e/_ooCbW9x
https://ae-pic-a1.aliexpress-media.com/kf/Sf69bc3465c0d4e5d954f9aa3ba28a95d5.jpg,,Basketball Size 5 Perfect Birthday Gift Box for Boys Girls Non-slip Surface Wear Resistant Durable Material Stylish Basketball,USD 36.97,USD 18.44,50%,100.00%,https://s.click.aliexpress.com/e/_omqCFPT
https://ae-pic-a1.aliexpress-media.com/kf/S3d3407f05723441b98701d278f2ea7f5c.jpg,,Propalm F1980EP2 Mountain Bike Handle Grips Rubber Cycling Handlebar Grips Anti-Skid Single Lock Handlbar Covers,USD 24.65,USD 18.98,23%,100.00%,https://s.click.aliexpress.com/e/_okiTziv
https://ae-pic-a1.aliexpress-media.com/kf/Se6575abf3d874bd295a1e41979715c40U.jpg,https://video.aliexpress-media.com/play/u/ae_sg_item/3531478239/p/1/e/6/t/10301/345177052516.mp4,Odi Fiber Genuine Leather Bike Grip Bicycle Handlebar Cover Scooter Retro Hand Sewing Grips MTB Road Bike Cycling Accessories,USD 22.72,USD 11.28,50%,100.00%,https://s.click.aliexpress.com/e/_oDECyzF
https://ae-pic-a1.aliexpress-media.com/kf/S18e6dc91cec3406f91523f4620e6654eO.jpg,,IIIPRO Vertical Cylinder MTB Brake 4 Piston Hydraulic Disc Brake Bicycle for Full Internal Cable Layout AM DH Mountain Bike NEW,USD 186.53,USD 93.73,49%,86.70%,https://s.click.aliexpress.com/e/_oDr1fjT
https://ae-pic-a1.aliexpress-media.com/kf/Sfd955f7a9be9474c8b5422326ecf2626O.jpg,,Macaron Color Size 5 Basketball Ideal for Kindergarten Elementary School Team Sports Basketball Practice Recreational Play,USD 21.53,USD 10.68,50%,96.70%,https://s.click.aliexpress.com/e/_opT3UIV
https://ae-pic-a1.aliexpress-media.com/kf/S4ba691bfc9124c8da7b57eebe6c4ffd58.png,,TANKE MTB 4 Piston Hydraulic Disc Brake 900/1700mm 4 Piston Resin Brake Pads Oil Pressure AM DH Road MTB Ultralight Disc Brake,USD 64.17,USD 31.48,50%,90.80%,https://s.click.aliexpress.com/e/_oENlZPj
https://ae-pic-a1.aliexpress-media.com/kf/S5402b430afad49e39909768e6956187cq.jpg,,Brown Beige PU Game Basketball Official Size 7 Professional Basketball with 4 Layers Outdoor Durable Ball,USD 44.42,USD 21.79,50%,92.00%,https://s.click.aliexpress.com/e/_oDGqfpB
https://ae-pic-a1.aliexpress-media.com/kf/S76416cd5f5b448eab1478e38ad1c1b5ef.jpg,https://video.aliexpress-media.com/play/u/ae_sg_item/2683392138/p/1/e/6/t/10301/4000226736715.mp4,Koozer 450 Boost XD HG MS 11 12s 120HD 28H 32 Holes CR-MO Steel Axle 15x110 12x148 THRU Eagle Bike Parts MTB Bicycle Hubs,USD 49.29,USD 24.90,49%,100.00%,https://s.click.aliexpress.com/e/_oCeK2uZ
https://ae-pic-a1.aliexpress-media.com/kf/S7b271565f7d248a2a5c4dbca662dd5b23.jpg,,Bike High-end Hand Sewn Leather Lock Handle Cover Folding Bike Retro Casual Grip Shock-absorbing Non Stick Bicycle Handle Cover,USD 9.78,USD 5.15,47%,100.00%,https://s.click.aliexpress.com/e/_oFlr6I9